30500,I #rejoice in following your statutes as one rejoices in great riches. -Psalm 119:14 #TheBible,joy,0.434,Aku # bersukacita dalam mengikuti ketetapan-ketetapanmu seperti orang yang bersukacita dalam kekayaan yang besar. -Mazmur 119: 14 #TheBible
30501,"â€œDonâ€™t burn out; keep yourselves fueled and aflame. Be alert servants of the Master, cheerfully expectant.' Romans 12:11-12",joy,0.433,"â€œJangan terbakar; jaga dirimu tetap bersemangat dan menyala. Berhati-hatilah sebagai hamba Tuan, yang penuh harap. ' Roma 12: 11-12"
30502,i'm doing laundry and watching that 70's show with a bunch of strangers.  #birthday #to #me,joy,0.42,Saya mencuci pakaian dan menonton pertunjukan tahun 70-an dengan sekelompok orang asing. #birthday #to #me
30503,"I think what 2016 to really needs to round it out is a @cthulhu4america vs @smod2016 twitter debate. End on something joyful, ya know?.",joy,0.42,"Saya pikir apa yang benar-benar dibutuhkan tahun 2016 untuk membulatkannya adalah debat twitter @ cthulhu4america vs @ smod2016. Akhiri sesuatu yang menyenangkan, ya tahu ?."
30504,"I saw her, whose countenance expressed a mighty rivers were monotonous, and her lively conversation took care of the various",joy,0.42,"Saya melihatnya, yang wajahnya mengekspresikan sungai yang besar dan monoton, dan percakapannya yang hidup mengatur berbagai hal"
30505,I'm really hitting all flavors of my sparkling water rap. But you know what's tripping me out? These half French and Spanish flavors.,joy,0.42,Saya benar-benar memukul semua rasa rap air soda saya. Tapi tahukah Anda apa yang membuat saya tersandung? Cita rasa setengah Prancis dan Spanyol ini.
30506,Twitter is a font of endless hilarity.,joy,0.42,Twitter adalah font kegembiraan yang tak ada habisnya.
30507,@tunaeP_ cheer upâ˜ºï¸,joy,0.42,@tunaeP ceriaâ˜º
30508,He maketh the #barren woman to keep house &amp; to be a #joyful mother of children\nPraise ye the Lord\nPsa113:9,joy,0.42,Dia menjadikan # wanita mandul untuk menjaga rumah & menjadi # ibu yang bahagia dari anak-anak \ nPuji Tuhan \ nMzm113: 9
30509,Watch this amazing live.ly broadcast by @arbitraryvlog #lively #musically,joy,0.41700000000000004,Tonton siaran langsung yang luar biasa ini oleh @arbitraryvlog #lively #musically
30510,@PeanutRD @MelissaJoyRD @SarahKoszykRD @eat4performance @rustnutrition @jenhaugen  hey #sparkling is the word I just picked 4 my biz card,joy,0.41700000000000004,@PeanutRD @elissaoyRD @SarahKoszykRD @ eat4formance @rnnutrition @jenhaugen hey #sparkling is the word I just pick 4 my biz card
30511,"@doubtcaspar babe :(( remember I'm ALWAYS here if u need a little cheering up or talk, ily lotsğŸ’˜",joy,0.41700000000000004,"@doubtcaspar babe: ((ingat saya SELALU di sini jika kamu perlu sedikit dihibur atau berbicara, banyak lagi"
30512,@Hank_nsno @RonaldKoeman cheering and clapping I assume,joy,0.41700000000000004,@Hank_nsno @RonaldKoeman bersorak dan bertepuk tangan
30513,Decide to stop being afraid. To just stop. What are you now free to do?\n\n#brave #free #honest #healthy #happy #life #living #optimism #love,joy,0.41700000000000004,Putuskan untuk berhenti merasa takut. Berhenti saja. Apa yang sekarang dapat Anda lakukan dengan bebas? \ N \ n # berani #gratis #jujur â€‹â€‹#healthy #happy #life #living #optimism #love
30514,"#Arts create richness &amp; liveliness in our society, continues through educational &amp; social benefits, and only ends with the economic",joy,0.41700000000000004,"#Arts menciptakan kekayaan & keaktifan dalam masyarakat kita, berlanjut melalui manfaat pendidikan & sosial, dan hanya berakhir dengan ekonomi"
30515,"Hey u never know, Channel 4's version of #GBBO might actually be quite good. A few adverts aren't the end of the world. ",joy,0.41700000000000004,"Hai, Anda tidak pernah tahu, #GBBO versi Channel 4 sebenarnya cukup bagus. Beberapa iklan bukanlah akhir dunia."
30516,@melsey6 oh good girl hope she is cheerful,joy,0.41700000000000004,@ melsey6 oh gadis yang baik harap dia ceria
30517,Not my fault if I'm more observant than you thought of me to be ! ğŸ˜œ I'm not sorry ğŸ˜ #wisdom #laughter #observingyou #allthetime #becareful ğŸ˜,joy,0.41700000000000004,Bukan salahku jika aku lebih jeli daripada yang kau pikirkan tentang aku! ğŸ˜œ Aku tidak menyesal ğŸ˜ #kebijaksanaan #tawa #mengamatimu #selama #hati-hati ğŸ˜
30518,Top seed Johnson chases double delight at Tour Championship,joy,0.41700000000000004,Unggulan teratas Johnson mengejar kesenangan ganda di Kejuaraan Tur
30519,"incetown, age 23, joyful, elevated in hope with the",joy,0.41700000000000004,"incetown, usia 23, gembira, tinggi harapan dengan"
30520,@88Palouseriver @ABC @NRA I rejoice everything time some moron is taken out of the genetics pool.,joy,0.41700000000000004,@ 88Palouseriver @ABC @NRA Saya bersukacita setiap kali beberapa orang bodoh dikeluarkan dari kumpulan genetika.
30521,@delon03 can you at least just walk past her and break out into laughter,joy,0.41700000000000004,@ delon03 Bisakah Anda setidaknya berjalan melewatinya dan tertawa
30522,Day 3 of #harvest16 - listening to the sound of the chopper working it's way closer to home at @mountaindairy makes me . #farm365,joy,0.41700000000000004,Hari ke-3 # harvest16 - mendengarkan suara helikopter bekerja jauh lebih dekat ke rumah di @mountaindairy membuatku. # farm365
30523,I might not pay for my own health insurance but I do like sparkling water and Brussels sprouts now so I think I'm an adult,joy,0.41700000000000004,Saya mungkin tidak membayar asuransi kesehatan saya sendiri tetapi saya suka air soda dan kubis Brussel sekarang jadi saya pikir saya sudah dewasa
30524,@CazuaL_WeaR @ScottInSC looks like a book shaped like a gun to me #optimism #itsagunalright,joy,0.408,@CazuaL_WeaR @ScottInSC terlihat seperti buku berbentuk pistol bagi saya #optimism #itsagunalright
30525,I am always ready to .,joy,0.40700000000000003,Saya selalu siap.
30526,"The point of living, and being an optimist, is to be foolish enough to believe the best is yet to come' - Peter Ustinov  #quote",joy,0.40700000000000003,"Inti dari hidup, dan menjadi seorang yang optimis, adalah menjadi cukup bodoh untuk percaya yang terbaik masih akan datang '- Peter Ustinov #quote"
30527,Intermit animated^%%%ncaa pittsburgh vs mississippi sprightly shiny bbva level peg varsity football telly scra...,joy,0.406,Animasi intermiten ^ %%% ncaa pittsburgh vs mississippi sprightly shiny bbva level peg varsity football telly scra ...
30528,"Turkish exhilaration: for a 30% shade off irruptive russian visitors this twelvemonth, gobbler is nephalism so...",joy,0.40399999999999997,"Kegembiraan Turki: untuk menaungi 30% pengunjung Rusia yang mengganggu di dua bulan ini, ikan pelahap adalah nefalisme, jadi ..."
30529,#ThisIsUs has messed with my mind &amp; now I'm anticipating the next episode with #apprehension &amp; #delight! #isthereahelplineforthis,joy,0.40399999999999997,#ThisIsUs telah mengacaukan pikiran saya & sekarang saya mengantisipasi episode berikutnya dengan #apprehension & #delight! #isthereahelplineforthis
30530,Now I'm back at @wxpnfm and am elated to record @mannequinpussy fucking shit up in our studio this evening.,joy,0.40399999999999997,Sekarang saya kembali ke @wxpnfm dan senang merekam @mannequinpussy sial di studio kami malam ini.
30531,The Quarterback' wrecks me every time.. #glee,joy,0.4,Quarterback menghancurkanku setiap saat .. #glee
30532,"A cheerful heart is good medicine, but a crushed spirit dries up the bones. A wicked man accepts a bribe in secret to pervert  justice.",joy,0.4,"Hati yang ceria adalah obat yang manjur, tetapi roh yang hancur mengeringkan tulang. Seorang pria jahat menerima suap secara rahasia untuk memutarbalikkan keadilan."
30533,Watch this amazing live.ly broadcast by @matt.boss  #musicallyjh,joy,0.4,Tonton siaran langsung yang luar biasa ini oleh @ matt.boss #musicallyjh
30534,"A cheerful heart is good medicine, but a crushed spirit dries up the bones -Proverbs 17:22-",joy,0.4,"Hati yang ceria adalah obat yang manjur, tetapi semangat yang hancur mengeringkan tulang -Amsal 17: 22-"
30535,@TheNotoriousMMA looking like @MIckeyRourkeFP in his heyday,joy,0.4,@TheNotoriousMMA terlihat seperti @MIckeyRourkeFP di masa jayanya
30536,I see I'll be hovering over the block button today with much glee.,joy,0.4,Saya melihat saya akan mengarahkan kursor ke tombol blok hari ini dengan sangat gembira.
30537,Am I watching #BacheloretteAU or Zoolander ?  #samvrhys,joy,0.4,Apakah saya menonton #BacheloretteAU atau Zoolander? #samvrhys
30538,i started glee from the beginning n i'm crying they were such babies i love my children,joy,0.4,Saya mulai gembira dari awal dan saya menangis mereka adalah bayi seperti saya mencintai anak-anak saya
30539,Decide to stop being afraid. To just stop. What are you now free to do?\n\n #brave #free #honest #healthy  #life #living  #love,joy,0.4,Putuskan untuk berhenti merasa takut. Berhenti saja. Apa yang sekarang dapat Anda lakukan dengan bebas? \ N \ n #brave #gratis #jujur â€‹â€‹#healthy #hidup #living #love
30540,#ThisIsUs has messed with my mind &amp; now I'm anticipating the next episode with #apprehension &amp; ! #isthereahelplineforthis,joy,0.4,#ThisIsUs telah mengacaukan pikiran saya & sekarang saya mengantisipasi episode berikutnya dengan #apprehension &! #isthereahelplineforthis
30541,You have to find a way to top yourself. #glee,joy,0.396,Anda harus menemukan cara untuk menjadi yang terbaik. #lagu
30542,"You know, you're pro-actively playful. You want to press your boobs into my face, Tatenashi. I'm not saying no, though. =3",joy,0.396,"Anda tahu, Anda suka bermain secara pro-aktif. Anda ingin menekan payudara Anda ke wajah saya, Tatenashi. Saya tidak mengatakan tidak. = 3"
30543,lol! no mention of pak PM or even his speech on any international news channel and pakis are rejoicing as if the world stands with them,joy,0.396,hahaha! tidak menyebutkan pak PM atau bahkan pidatonya di saluran berita internasional mana pun dan pakis bersukacita seolah-olah dunia berdiri bersama mereka
30544,@veggiesausage that happens...u will be ok tomorrow cheer it up..Don't give up no no noğŸ˜ğŸ˜ğŸ˜,joy,0.396,@veggiesausage yang terjadi ... kamu akan baik-baik saja besok ceria..Jangan menyerah tidak tidak tidakğŸ˜ğŸ˜ğŸ˜
30545,"Update: I have yet to hang out with @MisElizaJane, but I'm still hopeful! ",joy,0.396,"Pembaruan: Saya belum bergaul dengan @MisElizaJane, tapi saya masih berharap!"
30546,â€œThe essential Saltes of Animals may be\nArkhamâ€™s large outfit from any effects he\nI rejoice that you continue in ye,joy,0.396,"""Garam Hewan yang penting mungkin \ npakaian besar Arkham dari efek apa pun dia \ nSaya bersukacita karena Anda terus"
30547,@warmneutrals 'passenger in car next to u cheerfully asks for a cigarette and then directions',joy,0.396,Penumpang @warmneutrals di mobil sebelah Anda dengan riang meminta rokok dan kemudian petunjuk arah '
30548,"@EtherealMystic_ - felt like he couldn't control â€” and here she was, giving so much of herself, selflessly pleasing him. His groans were -",joy,0.396,"@EtherealMystic_ - merasa seperti dia tidak bisa mengendalikan - dan di sinilah dia, memberikan begitu banyak dari dirinya, tanpa pamrih menyenangkannya. Erangannya adalah -"
30549,@TChudhry @fasiranjha lol @ ur caste. even if the whole village dies.. a massali like you cant be a chaudhry:) so cheer up massali :),joy,0.396,@Tcudhirihhhhhhhhhhhhhhhhhhhhhhhhhhhhhhhhhhhhhhhhhhhhhhhhhhhhhhhhhhhhhhhhhhhhhhhhh bahkan jika seluruh desa mati .. seorang massali sepertimu tidak bisa menjadi chaudhry :) jadi bergembiralah massali :)
30550,will i ever get the nerve to quit the restaurant ??? find out tonite on glee!,joy,0.396,akankah aku berani keluar dari restoran ??? cari tahu malam ini dengan gembira!
30551,"#RIP30 Heaven is rejoicing because they've gained an angel, the Keifer family are in my prayers ğŸ’™ğŸ™",joy,0.396,"# RIP30 Surga bersukacita karena mereka mendapatkan bidadari, keluarga Keifer ada dalam doaku ğŸ’™ğŸ™"
30552,@DanLanthier That was exhilarating hockey. They're still out if Russia wins in regulation I'm reading. #fuck,joy,0.396,@DanLanthier Itu hoki yang menggembirakan. Mereka masih absen jika Rusia menang dalam regulasi yang saya baca. #fuck
30553,"My boss likes to stand in my office &amp; smile at me like a shark: maliciously gleeful, and ask me how am I as if I have a secret to tell her.",joy,0.396,"Bos saya suka berdiri di kantor saya & tersenyum kepada saya seperti hiu: sangat ceria, dan bertanya bagaimana kabar saya seolah-olah saya punya rahasia untuk diceritakan padanya."
30554,Cross Party Group on Crofting meeting tonight in @ScotParl. Suspect it's going to be a lively meeting....,joy,0.396,Cross Party Group tentang pertemuan Crofting malam ini di @ScotParl. Curiga itu akan menjadi pertemuan yang hidup ....
30555,Watch this amazing live.ly broadcast by @brooks_swaggysquad  #musically,joy,0.396,Tonton siaran langsung yang luar biasa ini oleh @brooks_swaggysquad #musically
30556,Riggs dumb ass hell lolol  #LethalWeapon,joy,0.396,Riggs bodoh banget lolol #LethalWeapon
30557,@footballmcd agreed. Memphis looks lively also,joy,0.395,@football setuju. Memphis juga terlihat hidup
30558,Hey NASCAR fans. Are you going to the race in Loudon this weekend?  Why not stop by New Day Diner for a great hearty breakfast before you go,joy,0.385,Hai penggemar NASCAR. Apakah Anda akan balapan di Loudon akhir pekan ini? Mengapa tidak mampir ke New Day Diner untuk menikmati sarapan lezat yang lezat sebelum Anda pergi
30559,"Had a coworker look at her phone and say, cheerfully, 'oh look, Kap's getting death threats now.' ğŸ™„. Then she goes to say the 49ers are",joy,0.385,"Apakah seorang rekan kerja melihat teleponnya dan berkata, dengan riang, 'oh lihat, Kap mendapat ancaman pembunuhan sekarang.' ğŸ™„. Lalu dia pergi mengatakan 49ers adalah"
30560,"Hey u never know, Channel 4's version of #GBBO might actually be quite good. A few adverts aren't the end of the world. #optimism",joy,0.384,"Hai, Anda tidak pernah tahu, #GBBO versi Channel 4 sebenarnya cukup bagus. Beberapa iklan bukanlah akhir dunia. #optimisme"
30561,the prospect of getting choked out by a hot daddy tonight is sorta cheering me up but I also kinda just wanna watch the new AHS episode lol,joy,0.38299999999999995,prospek tercekik oleh ayah yang panas malam ini agak menyemangati saya tetapi saya juga hanya ingin menonton episode AHS yang baru lol
30562,â€œSet a goal to achieve something that's so big so exhilarating that excites you &amp; scares you at the same time.â€ \nâ€• #BobProctor,joy,0.38299999999999995,"â€œTetapkan tujuan untuk mencapai sesuatu yang begitu besar, begitu menggembirakan yang menggairahkan Anda & membuat Anda takut pada saat yang sama.â€ \ nâ€• #BobProctor"
30563,@zinabukvic_ cheer up,joy,0.38,@inabukalam bergembira
30564,"My two older boys were elated, my toddler was terrified. I have pics of his poor little face peeping through the hole in the basket.",joy,0.38,"Kedua anak laki-laki saya sangat gembira, balita saya ketakutan. Saya memiliki foto wajah kecilnya yang malang mengintip melalui lubang di keranjang."
30565,@SoCalValerie this one was Apples attempt to make muslims happy ğŸ•‹,joy,0.38,@SoCalValerie yang satu ini adalah upaya Apel untuk membahagiakan umat muslim ğŸ•‹
30566,Tom Phillips being all jovial at the start of this week's show when Joe is strutting out after that video package is quite the juxtaposition,joy,0.38,Tom Phillips menjadi riang di awal pertunjukan minggu ini ketika Joe mondar-mandir setelah paket video itu cukup cocok.
30567,Bring back the heyday #NominateBunkface,joy,0.38,Kembalikan kejayaan #NominateBunkface
30568,"At the regular cheerfulness of any emotion, her own supper, and to give the ladies were soon as they have been entirely at",joy,0.38,"Pada kegembiraan reguler dari emosi apa pun, makan malamnya sendiri, dan memberi para wanita segera setelah mereka sepenuhnya berada di"
30569,Blake lively is flawless,joy,0.38,Blake hidup tanpa cela
30570,"every time a new Anthony Weiner revelation breaks, Bill Clinton says a prayer of thanks that texting/DMing didn't exist in his heyday.",joy,0.375,"setiap kali wahyu baru Anthony Weiner pecah, Bill Clinton mengucapkan doa terima kasih karena texting / DMing tidak ada di masa jayanya."
30571,@finkowska just rejoice if you get paid for it.,joy,0.375,@finkowska bersukacita jika Anda dibayar untuk itu.
30572,her; i want a playful relationship\nme; *kicks her off the couch*,joy,0.375,nya; Saya ingin hubungan yang menyenangkan \ nme; * menendangnya dari sofa *
30573,#Talking about our #Problems is our greatest #Addiction\n\n#Break the #habit\n\nTalk about ur #Joys\n\n#quote #optimism #problemsolving #behappy,joy,0.375,#Berbicara tentang #Masalah kami adalah #Kecanduan terbesar kami \ n \ n # Hancurkan #habit \ n \ nBerbicara tentang #Anda \ n \ n # kutipan #optimisme #problemsolving #behappy
30574,When your rewatching glee and break down in tears all over again. ğŸ˜­ğŸ˜¢ #glee,joy,0.375,Saat rewatching Anda gembira dan menangis lagi. ğŸ˜­ğŸ˜¢ #glee
30575,#food  #Ğ´ĞµĞ½ÑŒĞ³Ğ¸ #smile   microsoft_.net_framework_4.5.1_full_plus_by_gora,joy,0.375,#food # Ğ´ĞµĞ½ÑŒĞ³Ğ¸ #smile microsoft_.net_framework_4.5.1_full_plus_by_gora
30576,Tip 5: Don't worry about pleasing everyone. #TitanWisdom,joy,0.375,Tip 5: Jangan khawatir tentang menyenangkan semua orang. #TitanWisdom
30577,"@finkowska @PigletParker they happen. I expect your thumbs were all over the place in glee, interpreting my double negative.",joy,0.375,"@Pigowska @Pigowska mereka terjadi. Saya berharap ibu jari Anda ada di mana-mana dengan gembira, menafsirkan negatif ganda saya."
30578,Go follow #beautiful #Snowgang â™¥@Amynicolehill12 â™¥ #Princess #fitness #bodyposi #haircut  #Whitegirlwednesday,joy,0.375,Pergi ikuti #beautiful #Snowgang â™¥ @ Amynicolehill12 â™¥ #Princess #fitness #bodyposi #haircut #Whitegirlwednesday
30579,@Devilligan It's a beautifully sincere balancing act of grief and hilarity.,joy,0.375,@Devilligan Ini adalah tindakan penyeimbangan yang indah dan tulus antara kesedihan dan kegembiraan.
30580,@AllredMD @KerryCallen @thismanthispete Kirby's Black Panther in a cool animated panel.,joy,0.375,@AllredD @KerryCen @Black Panther @ismhispete Kirby dalam panel animasi yang keren.
30581,@Bookselenaxxx @Hustler @Bookselenaxxx @Hustler \nğŸ‘…ğŸ’¦ğŸ‘…ğŸ’¦ğŸ‘…ğŸ’¦ğŸ‘…ğŸ’¦ğŸ‘…ğŸ’¦ğŸ‘…that hot pussy unappetizing that delight,joy,0.375,@Bookenaxxx @Hler @Bookenaxxx @Hustler \ nğŸ‘…ğŸ’¦ğŸ‘…ğŸ’¦ğŸ‘…ğŸ’¦ğŸ‘…ğŸ’¦ğŸ‘…ğŸ’¦ğŸ‘…bahwa vagina panas itu tidak menggugah selera
30582,"Cover it up with a smile, maybe it'll get better",joy,0.375,"Tutupi dengan senyuman, mungkin akan lebih baik"
30583,Currently listening to @ScottFoxonair &amp; @KatCallaghan @Z1035Toronto podcasts!! Can you guys please move to #yvr ?  #missyou,joy,0.365,Sedang mendengarkan podcast @ScottFon & @KatCallaghan @ Z1035Toronto !! Bisakah kalian pindah ke #yvr? #kangen kamu
30584,@FoRDaYS14 ğŸ˜³ chewing what? #smile #arcdental #turlock,joy,0.365,@ FoRDaYS14 ğŸ˜³ mengunyah apa? #smile #arcdental #turlock
30585,Laudrup and his evil white companions rejoice.,joy,0.36,Laudrup dan teman-teman kulit putihnya yang jahat bersuka cita.
30586,My ukulele bag has fallen apart. ğŸ˜ WELLL AT LEAST my life hasn't yet!! #Joys\n\n#quote  #problemsolving #behappy,joy,0.36,Tas ukulele saya berantakan. ğŸ˜ SETIDAKNYA hidupku belum !! #Kawan \ n \ n # kutipan #problemsolving #behappy
30587,"@JohnDotWhite I remember its heyday, but these ladies range in age from, I'd say, mid-30s to early 70s.",joy,0.36,"@JohnDotWhite Saya ingat masa kejayaannya, tetapi wanita-wanita ini berkisar dari, menurut saya, pertengahan 30-an hingga awal 70-an."
30588,"The point of living, and being an optimist, is to be foolish enough to believe the best is yet to come' - Peter Ustinov #optimism #quote",joy,0.36,"Inti dari hidup, dan menjadi seorang yang optimis, adalah menjadi cukup bodoh untuk percaya yang terbaik masih akan datang '- Peter Ustinov #optimism #quote"
30589,"@elena_yip My random guesses for you! A potential Amelie, Kenneth of 30 Rock (but YA instead of TV) &amp; maybe w/ the optimism of Lara Jean?",joy,0.36,"@elena_yip Tebakan acak saya untuk Anda! Seorang calon Amelie, Kenneth dari 30 Rock (tapi YA bukan TV) & mungkin dengan optimisme Lara Jean?"
30590,"@SloanTheOtaku Betelgeuse/Sloth was lively, dedicated and tenacious, Regulus/Greed is humbly content and Ley/Gluttony is starving hungry.",joy,0.36,"@SloanTheOtaku Betelgeuse / Sloth hidup, berdedikasi dan ulet, Regulus / Keserakahan adalah konten yang rendah hati dan Ley / Gluttony kelaparan kelaparan."
30591,@Tomstarling86 He didn't have many chances to show what he can do but looked lively and had a good shot tipped over the bar before the end.,joy,0.36,@ Tomstarling86 Dia tidak memiliki banyak kesempatan untuk menunjukkan apa yang dia bisa lakukan tetapi terlihat hidup dan memiliki tembakan yang bagus di ujung mistar gawang sebelum akhir.
30592,@GNRailUK There's gonna be street parties when you lot leave. Spontaneous rejoicing. Clowns.,joy,0.36,@GNRailUK Akan ada pesta jalanan saat kalian pergi. Sukacita spontan. Badut.
30593,@iamnotatwit Or did I lie and cut 5 years off my age to be young and spry and hire-able in Hollywood? #thegoldbergs,joy,0.36,@iamnotatwit Atau apakah saya berbohong dan memotong usia saya 5 tahun untuk menjadi muda dan sigap serta mampu disewa di Hollywood? #thegoldbergs
30594,"@CohenDS Yell, 'Bye, garbage!' cheerfully after it.",joy,0.36,"@CohenDS Berteriak, 'Bye, sampah!' riang setelah itu."
30595,what happened to breezy,joy,0.36,apa yang terjadi dengan semilir
30596,Love how cheerful that woman is about storing someone else's furniture for an eternity. I'd have sold it by now. #GrandDesigns,joy,0.36,Sukai betapa ceria wanita itu tentang menyimpan furnitur orang lain untuk selama-lamanya. Saya sudah menjualnya sekarang. #GrandDesigns
30597,"â€¢Days!'\nHe was itching for a fight..itching for the exhilaration of battle, of almost getting defeated, the adrenaline pumpingâ€¢\n@RojinHitto",joy,0.36,"â€¢ Berhari-hari! '\ NDia ingin sekali berkelahi..beralih untuk kegembiraan pertempuran, hampir dikalahkan, adrenalin terpompa â€¢ \ n @ RojinHitto"
30598,theÂ LordÂ turn his face toward you and give you peace. Numbers 6:26 #truth #trust #promise #calm #justice #great #mighty #protected ,joy,0.354,Tuhan memalingkan wajahnya ke arah Anda dan memberi Anda kedamaian. Angka 6:26 # kebenaran # kepercayaan # janji # tenang # keadilan # besar # kuat # terlindungi
30599,Be free and open and breezy! Enjoy! Things won't get any better so get used to it.,joy,0.354,"Bebas, terbuka, dan semilir! Nikmati! Hal-hal tidak akan menjadi lebih baik jadi biasakanlah."
